page,keyword
input/site/herb_storage.html,herb freshness
input/site/herb_storage.html,perforated bag
input/site/herb_storage.html,cellulose wrap
input/site/herb_storage.html,vacuum seal herbs
input/site/fish_packaging.html,oxygen barrier film
input/site/fish_packaging.html,MAP packaging
input/site/fish_packaging.html,drip control
input/site/fish_packaging.html,seafood freshness
input/site/spice_sachets.html,foil laminate
input/site/spice_sachets.html,desiccant packet
input/site/spice_sachets.html,aroma barrier
input/site/spice_sachets.html,spice freshness
